,0,1,2,3,4,5,6,7,8,9,10,11,12,13,14,15,16,17,18,19,20,21,22,23,24,25,26,27,28,29,30,31,32,33,34,35,36,37,38,39,40,41,42,43,44,45,46,47,48,49,50,51,52,53,54,55,56,57,58,59,60,61,62,63,64,65,66,67,68,69,70,71,72,73,74,75,76,77,78,79,80,81,82,83,84,85,86,87,88,89,90,91,92,93,94,95,96,97,98,99,100,101,102,103,104,105,106,107,108,109,110,111,112,113,114,115,116,117,118,119,120,121,122,123,124,125,126,127,128,129,130,131,132,133,134,135,136,137,138,139,140,141,142,143,144,145,146,147,148,149,150,151,152,153,154,155,156,157,158,159,160,161,162,163,164,165,166,167,168,169,170,171,172,173,174,175,176,177,178,179,180,181,182,183,184,185,186,187,188,189,190,191,192,193,194,195,196,197,198,199,200,201,202,203,204,205,206,207,208,209,210,211,212,213,214,215,216,217,218,219,220,221,222,223,224,225,226,227,228,229,230,231,232,233,234,235,236,237,238,239,240,241,242,243,244,245,246,247,248,249,250,251,252,253,254,255,256,257,258,259,260,261,262,263,264,265,266,267
FR_Start,GMT,22:13:48,,,,,,,,,,,,,,,,,,,,,,,,,,,,,,,,,,,,,,,,,,,,,,,,,,,,,,,,,,,,,,,,,,,,,,,,,,,,,,,,,,,,,,,,,,,,,,,,,,,,,,,,,,,,,,,,,,,,,,,,,,,,,,,,,,,,,,,,,,,,,,,,,,,,,,,,,,,,,,,,,,,,,,,,,,,,,,,,,,,,,,,,,,,,,,,,,,,,,,,,,,,,,,,,,,,,,,,,,,,,,,,,,,,,,,,,,,,,,,,,,,,,,,,,,,,,,,,,,,,,,,,,,,
FR_Stop,GMT,22:14:42,,,,,,,,,,,,,,,,,,,,,,,,,,,,,,,,,,,,,,,,,,,,,,,,,,,,,,,,,,,,,,,,,,,,,,,,,,,,,,,,,,,,,,,,,,,,,,,,,,,,,,,,,,,,,,,,,,,,,,,,,,,,,,,,,,,,,,,,,,,,,,,,,,,,,,,,,,,,,,,,,,,,,,,,,,,,,,,,,,,,,,,,,,,,,,,,,,,,,,,,,,,,,,,,,,,,,,,,,,,,,,,,,,,,,,,,,,,,,,,,,,,,,,,,,,,,,,,,,,,,,,,,,,
Climb_Rate,-0.006792237448595488,-0.008878395435624733,-0.010186436924228305,-0.011710912371230639,-0.013824282821718324,-0.01377959583787825,-0.01354542382047521,-0.014940238265135419,-0.016053613321690776,-0.019673404149949274,-0.02208354200593899,-0.024420963062959957,-0.024112656485186332,-0.02149819446147848,-0.019445821361992462,-0.01735380594261987,-0.01742595747034005,-0.018569670787582454,-0.022718793835087913,-0.028379094705413003,-0.03433867309113583,-0.03927009946370674,-0.04194921629617056,-0.04518881332143797,-0.04947794183513448,-0.0520800228907384,-0.052597108584772984,-0.053293308876599374,-0.05344290103761424,-0.05301246378718559,-0.05517402437549439,-0.05714058777168654,-0.05661565550161768,-0.05522394546554424,-0.054260478816350925,-0.053276711290533095,-0.05240447636533957,-0.05263658590656538,-0.05385001244635843,-0.05585778869985212,-0.055931041742626954,-0.055322626547944176,-0.0554990217327023,-0.057766193323366535,-0.0601274016056316,-0.05852414567969945,-0.054095016283092275,-0.049342866450887084,-0.045098553252881673,-0.042693782418233156,-0.042881868023515866,-0.04404340571820997,-0.04278413415239733,-0.0413366853156941,-0.040838837177232655,-0.038752873215740086,-0.034305325142990145,-0.029421604608278723,-0.026036711483485624,-0.023349323357671033,-0.020899019160069712,-0.019644306430488825,-0.020505741619314302,-0.019496022032146343,-0.020970810136398906,-0.020854941752522022,-0.020015449782462186,-0.01899865666588638,-0.020317348934245204,-0.020574687906279043,-0.018267165115027316,-0.017613172252347927,-0.017847451212960157,-0.01821053563024099,-0.01892266129367589,-0.019258831160723886,-0.01900165413126396,-0.019197526729935827,-0.02058095172281731,-0.022234415957704,-0.02245796240339396,-0.022031833436535534,-0.02160640876709763,-0.02268052038827897,-0.02404456727165524,-0.02370761824694029,-0.022539853401951075,-0.02403846692545102,-0.025600289996622737,-0.025439687268341706,-0.02611637500777133,-0.026400101452792715,-0.026721661349705234,-0.026625461349758506,-0.02646288628314799,-0.026044747501776183,-0.02520499886801429,-0.024260250335949474,-0.022688157661175264,-0.021307643051343878,-0.020100385606960952,-0.018643160633177638,-0.017417258404152515,-0.016251811171282455,-0.014736354092335096,-0.012940676777867647,-0.011042705992169841,-0.009837640119695245,-0.009025867065577372,-0.008312937800313416,-0.0079735290817871,-0.008511235718193698,-0.009338922685719096,-0.00970077801997431,-0.009487915200882428,-0.009298992383047777,-0.008989818801399646,-0.009471101436757575,-0.009922784483451932,-0.010460609521268704,-0.010456267626975593,-0.010374178783481475,-0.010120533171565017,-0.010563857078701049,-0.011289256686036616,-0.01196678392965838,-0.012597237064234936,-0.012789310887340364,-0.012238820718035242,-0.012165391982845311,-0.011558528228575853,-0.01165899679032939,-0.011161421357051378,-0.011022412754345989,-0.010776396012645099,-0.01027097171169261,-0.009552094112357497,-0.008466958174068806,-0.007879349544613995,-0.0069183937691964445,-0.0065250757427975535,-0.0064635077733868505,-0.006379107046874066,-0.006488010754252458,-0.006966458630686789,-0.007312385537813232,-0.00787145713577578,-0.008136163731042739,-0.00782923901230786,-0.006989468989904132,-0.006635385371436761,-0.006056254282950447,-0.00534754889250946,-0.005449799968396174,-0.005418016064684897,-0.005440914897412655,-0.005254674826368539,-0.00485687320592436,-0.004358636634449533,-0.004209312213397678,-0.004461035903068981,-0.004441144848099689,-0.004404290690452711,-0.00491456868534229,-0.005045543179457285,-0.0044484884091107405,-0.0028863221648195354,-0.0020289452798128013,-0.0019718672064579267,-0.0023002258269246784,-0.0023762339941262676,-0.002568513300969353,-0.0026380741294469044,-0.0032505480098884553,-0.002895560530333413,-0.0021668825407261264,-0.0014167020911510743,-0.0013481477701450147,-0.0006197100685608763,0.0012262242999577983,0.00217668350390835,0.00437643122057867,0.005707020157079806,0.00769100727562923,0.008213725057387794,0.008012241759633786,0.009654205016252165,0.008897744517687453,0.008972384766661493,0.008984915455258289,0.009371606822087732,0.00664282327163592,0.007013344825235848,0.006909729077611864,0.00521076852795555,0.004599758050749754,0.0031214851256377296,0.0029088593003362127,0.0012161495812570502,-0.0008747543926200306,7.09909611557594e-05,0.00199776331359325,0.003412982522566896,0.004331070494520699,0.005114568146068789,0.007187040457841987,0.00936529488110533,0.009204836526156706,0.009102643887095014,0.006673975828472944,0.0071379474137832875,0.00733812600438518,0.00956271815631045,0.011013612855989788,0.013685768449415407,0.014747844376282487,0.01496265661730189,0.016350269200703222,0.01869748167240559,0.021107970913225506,0.023364681930270838,0.02617168909108462,0.02702018873487851,0.025495916479973634,0.024372577371842043,0.025285125303619774,0.026485720186070167,0.028552376315023564,0.029912626714473593,0.0324440488640056,0.0320425871122269,0.032658473053951656,0.03097484472303288,0.029720177826255932,0.028887600498550294,0.028901756723926777,0.027546437934180535,0.024010447804643262,0.02251435050207954,0.020059473718405284,0.018822848141018676,0.017814850339518674,0.0171733255272707,0.016003973339505075,0.015246428895127215,0.013825367531411536,0.01245683438040975,0.01334074521240662,0.012030082851297828,0.012102595694289054,0.011449956427085982,0.008705779165551345,0.00561313013045158,0.004028753882281809,0.004803654063691094,0.0056604589934986784,0.006386583904956573,0.005736944012831245,0.006101964866078482,0.005889173087832705,0.004452333017481118,0.005195044438744336,0.0051974181960483205,0.004694965770491213,0.0033877145158155474,0.0023243911728012727,0.0017188796772180184,
Throttle,0,0,0,0,0,0,0,0,0,0,0,0,0,0,0,0,0,0,0,0,0,0,0,0,0,0,0,0,0,0,0,0,0,0,0,0,0,0,0,0,0,0,0,0,0,0,0,0,0,0,0,0,0,0,0,0,0,0,0,0,0,0,0,0,0,0,0,0,0,0,0,0,0,0,0,0,0,0,0,0,0,0,0,0,0,0,0,0,0,0,0,0,0,0,0,0,0,0,0,0,0,0,0,0,0,0,0,0,0,0,0,0,0,0,0,0,0,0,0,0,0,0,0,0,0,0,0,0,0,0,0,0,0,0,0,0,0,0,0,0,0,0,0,0,0,0,0,0,0,0,0,0,0,0,0,0,0,0,0,0,0,0,0,0,0,0,0,0,0,0,0,0,0,0,0,0,0,0,0,0,0,0,0,0,0,0,0,0,0,0,0,0,0,0,0,0,0,0,0,0,0,0,0,0,0,0,0,0,0,0,0,0,0,0,0,0,0,0,0,0,0,0,0,0,0,0,0,0,0,0,0,0,0,0,0,0,0,0,0,0,0,0,0,0,0,0,0,0,0,0,0,0,0,0,0,0,0,0,0,0,0,0,0,0,0,0,0,
AOA,0.0,0.0,0.0,0.0,0.0,0.0,0.0,0.0,0.0,0.0,0.0,0.0,0.0,0.0,0.0,0.0,0.0,0.0,0.0,0.0,0.0,0.0,0.0,0.0,0.0,0.0,0.0,0.0,0.0,0.0,0.0,0.0,0.0,0.0,0.0,0.0,0.0,0.0,0.0,0.0,0.0,0.0,0.0,0.0,0.0,0.0,0.0,0.0,0.0,0.0,0.0,0.0,0.0,0.0,0.0,0.0,0.0,0.0,0.0,0.0,0.0,0.0,0.0,0.0,0.0,0.0,0.0,0.0,0.0,0.0,0.0,0.0,0.0,0.0,0.0,0.0,0.0,0.0,0.0,0.0,0.0,0.0,0.0,0.0,0.0,0.0,0.0,0.0,0.0,0.0,0.0,0.0,0.0,0.0,0.0,0.0,0.0,0.0,0.0,0.0,0.0,0.0,0.0,0.0,0.0,0.0,0.0,0.0,0.0,0.0,0.0,0.0,0.0,0.0,0.0,0.0,0.0,0.0,0.0,0.0,0.0,0.0,0.0,0.0,0.0,0.0,0.0,0.0,0.0,0.0,0.0,0.0,0.0,0.0,0.0,0.0,0.0,0.0,0.0,0.0,0.0,0.0,0.0,0.0,0.0,0.0,0.0,0.0,0.0,0.0,0.0,0.0,0.0,0.0,0.0,0.0,0.0,0.0,0.0,0.0,0.0,0.0,0.0,0.0,0.0,0.0,0.0,0.0,0.0,0.0,0.0,0.0,0.0,0.0,0.0,0.0,0.0,0.0,0.0,0.0,0.0,0.0,0.0,0.0,0.0,0.0,0.0,0.0,0.0,0.0,0.0,0.0,0.0,0.0,0.0,0.0,0.0,0.0,0.0,0.0,0.0,0.0,0.0,0.0,0.0,0.0,0.0,0.0,0.0,0.0,0.0,0.0,0.0,0.0,0.0,0.0,0.0,0.0,0.0,0.0,0.0,0.0,0.0,0.0,0.0,0.0,0.0,0.0,0.0,0.0,0.0,0.0,0.0,0.0,0.0,0.0,0.0,0.0,0.0,0.0,0.0,0.0,0.0,0.0,0.0,0.0,0.0,0.0,0.0,0.0,0.0,0.0,0.0,0.0,0.0,0.0,0.0,0.0,0.0,0.0,0.0,0.0,0.0,0.0,0.0,0.0,0.0,0.0
SSA,0.0,0.0,0.0,0.0,0.0,0.0,0.0,0.0,0.0,0.0,0.0,0.0,0.0,0.0,0.0,0.0,0.0,0.0,0.0,0.0,0.0,0.0,0.0,0.0,0.0,0.0,0.0,0.0,0.0,0.0,0.0,0.0,0.0,0.0,0.0,0.0,0.0,0.0,0.0,0.0,0.0,0.0,0.0,0.0,0.0,0.0,0.0,0.0,0.0,0.0,0.0,0.0,0.0,0.0,0.0,0.0,0.0,0.0,0.0,0.0,0.0,0.0,0.0,0.0,0.0,0.0,0.0,0.0,0.0,0.0,0.0,0.0,0.0,0.0,0.0,0.0,0.0,0.0,0.0,0.0,0.0,0.0,0.0,0.0,0.0,0.0,0.0,0.0,0.0,0.0,0.0,0.0,0.0,0.0,0.0,0.0,0.0,0.0,0.0,0.0,0.0,0.0,0.0,0.0,0.0,0.0,0.0,0.0,0.0,0.0,0.0,0.0,0.0,0.0,0.0,0.0,0.0,0.0,0.0,0.0,0.0,0.0,0.0,0.0,0.0,0.0,0.0,0.0,0.0,0.0,0.0,0.0,0.0,0.0,0.0,0.0,0.0,0.0,0.0,0.0,0.0,0.0,0.0,0.0,0.0,0.0,0.0,0.0,0.0,0.0,0.0,0.0,0.0,0.0,0.0,0.0,0.0,0.0,0.0,0.0,0.0,0.0,0.0,0.0,0.0,0.0,0.0,0.0,0.0,0.0,0.0,0.0,0.0,0.0,0.0,0.0,0.0,0.0,0.0,0.0,0.0,0.0,0.0,0.0,0.0,0.0,0.0,0.0,0.0,0.0,0.0,0.0,0.0,0.0,0.0,0.0,0.0,0.0,0.0,0.0,0.0,0.0,0.0,0.0,0.0,0.0,0.0,0.0,0.0,0.0,0.0,0.0,0.0,0.0,0.0,0.0,0.0,0.0,0.0,0.0,0.0,0.0,0.0,0.0,0.0,0.0,0.0,0.0,0.0,0.0,0.0,0.0,0.0,0.0,0.0,0.0,0.0,0.0,0.0,0.0,0.0,0.0,0.0,0.0,0.0,0.0,0.0,0.0,0.0,0.0,0.0,0.0,0.0,0.0,0.0,0.0,0.0,0.0,0.0,0.0,0.0,0.0,0.0,0.0,0.0,0.0,0.0,0.0
G,1.0,0.999,0.999,0.999,1.0,0.999,0.999,1.0,1.0,1.0,1.0,1.0,1.0,0.999,0.999,1.0,0.999,0.999,0.999,0.999,0.999,0.999,1.0,1.0,0.999,1.0,0.999,0.999,0.999,0.999,0.999,0.999,0.999,0.999,1.0,0.999,1.0,1.0,0.999,1.0,0.999,1.0,0.999,0.999,1.0,1.0,1.0,0.999,1.0,1.0,0.999,0.999,1.0,1.0,1.0,0.999,1.0,0.999,1.0,1.0,1.0,0.999,0.999,1.0,0.999,0.999,1.0,1.0,1.0,1.0,0.999,0.999,1.0,1.0,0.999,1.0,1.0,1.0,1.0,1.0,1.0,1.0,1.0,0.999,0.999,0.999,0.999,0.999,0.999,1.0,1.0,0.999,0.999,0.999,0.999,0.999,1.0,1.0,0.999,1.0,1.0,1.0,1.0,0.999,0.999,1.0,0.999,0.999,1.0,0.999,0.999,1.0,1.0,0.999,1.0,0.999,0.999,1.0,0.999,1.0,1.0,0.999,0.999,1.0,0.999,0.999,1.0,1.0,0.999,1.0,1.0,1.0,0.999,0.999,0.999,0.999,0.999,0.999,0.999,0.999,0.999,0.999,0.999,1.0,0.999,0.999,0.999,0.999,1.0,1.0,0.999,1.0,0.999,0.999,0.999,1.0,0.999,1.0,0.999,1.0,0.999,0.999,0.999,1.0,0.999,0.999,0.999,0.999,0.999,0.999,1.0,0.999,0.999,0.999,1.0,0.999,0.999,1.0,0.999,0.999,0.999,1.0,0.999,0.999,1.0,0.999,1.0,1.0,1.0,1.0,1.0,0.999,0.999,0.999,0.999,1.0,0.999,0.999,0.999,0.999,0.999,0.999,1.0,1.0,0.999,1.0,1.0,0.999,0.999,1.0,0.999,1.0,1.0,1.0,1.0,1.0,1.0,1.0,0.999,1.0,1.0,1.0,0.999,1.0,0.999,0.999,1.0,1.0,1.0,0.999,0.999,1.0,0.999,0.999,1.0,1.0,0.999,0.999,0.999,1.0,0.999,1.0,1.0,0.999,1.0,0.999,1.0,0.999,0.999,0.999,0.999,1.0,0.999,1.0,0.999,0.999,0.999,1.0,0.999,0.999,1.0,0.999,0.999,0.999,0.999,0.999,1.0,0.999
RPM,,,,,,,,,,,,,,,,,,,,,,,,,,,,,,,,,,,,,,,,,,,,,,,,,,,,,,,,,,,,,,,,,,,,,,,,,,,,,,,,,,,,,,,,,,,,,,,,,,,,,,,,,,,,,,,,,,,,,,,,,,,,,,,,,,,,,,,,,,,,,,,,,,,,,,,,,,,,,,,,,,,,,,,,,,,,,,,,,,,,,,,,,,,,,,,,,,,,,,,,,,,,,,,,,,,,,,,,,,,,,,,,,,,,,,,,,,,,,,,,,,,,,,,,,,,,,,,,,,,,,,,,,,,,
Fuel,100,100,100,100,100,100,100,100,100,100,100,100,100,100,100,100,100,100,100,100,100,100,100,100,100,100,100,100,100,100,100,100,100,100,100,100,100,100,100,100,100,100,100,100,100,100,100,100,100,100,100,100,100,100,100,100,100,100,100,100,100,100,100,100,100,100,100,100,100,100,100,100,100,100,100,100,100,100,100,100,100,100,100,100,100,100,100,100,100,100,100,100,100,100,100,100,100,100,100,100,100,100,100,100,100,100,100,100,100,100,100,100,100,100,100,100,100,100,100,100,100,100,100,100,100,100,100,100,100,100,100,100,100,100,100,100,100,100,100,100,100,100,100,100,100,100,100,100,100,100,100,100,100,100,100,100,100,100,100,100,100,100,100,100,100,100,100,100,100,100,100,100,100,100,100,100,100,100,100,100,100,100,100,100,100,100,100,100,100,100,100,100,100,100,100,100,100,100,100,100,100,100,100,100,100,100,100,100,100,100,100,100,100,100,100,100,100,100,100,100,100,100,100,100,100,100,100,100,100,100,100,100,100,100,100,100,100,100,100,100,100,100,100,100,100,100,100,100,100,100,100,100,100,100,100,100,100,100,100,100,100,100,100,100,100,100,,
Last_Fuel,100,,,,,,,,,,,,,,,,,,,,,,,,,,,,,,,,,,,,,,,,,,,,,,,,,,,,,,,,,,,,,,,,,,,,,,,,,,,,,,,,,,,,,,,,,,,,,,,,,,,,,,,,,,,,,,,,,,,,,,,,,,,,,,,,,,,,,,,,,,,,,,,,,,,,,,,,,,,,,,,,,,,,,,,,,,,,,,,,,,,,,,,,,,,,,,,,,,,,,,,,,,,,,,,,,,,,,,,,,,,,,,,,,,,,,,,,,,,,,,,,,,,,,,,,,,,,,,,,,,,,,,,,,,,
ABSP,998.8605346679688,998.8595581054688,998.8634033203125,998.8461303710938,998.8765258789062,998.8466796875,998.8630981445312,998.8759765625,998.8671875,998.8646850585938,998.8634033203125,998.8771362304688,998.8458251953125,998.847412109375,998.8621826171875,998.8521118164062,998.8539428710938,998.8511352539062,998.8800048828125,998.868408203125,998.8646850585938,998.8511352539062,998.858642578125,998.8734130859375,998.8853759765625,998.849609375,998.8731079101562,998.8674926757812,998.8618774414062,998.8446044921875,998.8775634765625,998.8878784179688,998.8580932617188,998.8771362304688,998.8715209960938,998.8862915039062,998.8436279296875,998.8658447265625,998.8822631835938,998.8753051757812,998.8611450195312,998.8662109375,998.8499145507812,998.8853759765625,998.8797607421875,998.8493041992188,998.8439331054688,998.8630981445312,998.8493041992188,998.8602905273438,998.8850708007812,998.87060546875,998.8621826171875,998.8800048828125,998.864990234375,998.8690185546875,998.849609375,998.8446044921875,998.858642578125,998.884765625,998.8486328125,998.8753051757812,998.8862915039062,998.8693237304688,998.88818359375,998.8533325195312,998.8466796875,998.8621826171875,998.8809814453125,998.8436279296875,998.8446044921875,998.8822631835938,998.876220703125,998.8652954101562,998.8831787109375,998.87841796875,998.8483276367188,998.875,998.8743286132812,998.87255859375,998.8865966796875,998.8699951171875,998.8869018554688,998.8884887695312,998.8790893554688,998.8809814453125,998.8505249023438,998.8897705078125,998.872802734375,998.8514404296875,998.8790893554688,998.8558349609375,998.8831787109375,998.85498046875,998.87060546875,998.8527221679688,998.86083984375,998.8583984375,998.8439331054688,998.8627319335938,998.864013671875,998.8511352539062,998.8571166992188,998.858642578125,998.8446044921875,998.8489379882812,998.8514404296875,998.8690185546875,998.8652954101562,998.857421875,998.8715209960938,998.8897705078125,998.8734130859375,998.8611450195312,998.847412109375,998.8674926757812,998.8627319335938,998.8809814453125,998.8790893554688,998.8677978515625,998.8483276367188,998.8681030273438,998.8646850585938,998.8822631835938,998.8812866210938,998.8721923828125,998.8746948242188,998.8589477539062,998.8461303710938,998.8828735351562,998.8446044921875,998.8865966796875,998.8483276367188,998.8787231445312,998.855224609375,998.864990234375,998.8505249023438,998.85302734375,998.8746948242188,998.8483276367188,998.87060546875,998.8771362304688,998.8611450195312,998.8703002929688,998.8840942382812,998.864013671875,998.8875732421875,998.8668823242188,998.8580932617188,998.850830078125,998.8803100585938,998.8634033203125,998.8555297851562,998.889404296875,998.8671875,998.868408203125,998.8665161132812,998.864013671875,998.8662109375,998.8715209960938,998.8797607421875,998.8611450195312,998.8771362304688,998.876220703125,998.8671875,998.8446044921875,998.843017578125,998.8831787109375,998.8809814453125,998.8818359375,998.8583984375,998.8778686523438,998.8665161132812,998.8844604492188,998.8466796875,998.8618774414062,998.8615112304688,998.8869018554688,998.8592529296875,998.8458251953125,998.8831787109375,998.8458251953125,998.8533325195312,998.8521118164062,998.8561401367188,998.868408203125,998.8486328125,998.872802734375,998.8489379882812,998.8521118164062,998.8442993164062,998.8753051757812,998.8466796875,998.8809814453125,998.8775634765625,998.8687133789062,998.8715209960938,998.85498046875,998.8634033203125,998.8589477539062,998.8471069335938,998.8480224609375,998.8818359375,998.8558349609375,998.8611450195312,998.8602905273438,998.8589477539062,998.8743286132812,998.8489379882812,998.8737182617188,998.8539428710938,998.8642578125,998.84326171875,998.87841796875,998.8599853515625,998.8740234375,998.8897705078125,998.85302734375,998.8662109375,998.8595581054688,998.8637084960938,998.8634033203125,998.8712158203125,998.8665161132812,998.87841796875,998.8822631835938,998.875,998.8589477539062,998.8580932617188,998.8493041992188,998.8693237304688,998.858642578125,998.8853759765625,998.8815307617188,998.8822631835938,998.8797607421875,998.8611450195312,998.87841796875,998.8502197265625,998.86083984375,998.8837890625,998.8844604492188,998.8624267578125,998.868408203125,998.884765625,998.8524169921875,998.8668823242188,998.849609375,998.8853759765625,998.8448486328125,998.8696899414062,998.86083984375,998.8696899414062,998.85302734375,998.8624267578125,998.8577270507812,998.8646850585938,998.8595581054688,998.846435546875,998.8599853515625,998.8743286132812,998.8524169921875,998.85302734375,998.8790893554688,998.8611450195312,998.8489379882812,998.8743286132812,998.8721923828125
Yaw,358,358,358,358,358,358,358,358,358,358,358,358,358,358,358,358,358,358,358,358,358,358,358,358,358,358,358,358,358,358,358,358,358,358,358,358,358,358,358,358,358,358,358,358,358,358,358,358,358,358,358,358,358,358,358,358,358,358,358,358,358,358,358,358,358,358,358,358,358,358,358,358,358,358,358,358,358,358,358,358,358,358,358,358,358,358,358,358,358,358,358,358,358,358,358,358,358,358,358,358,358,358,358,358,358,358,358,358,358,358,358,358,358,358,358,358,358,358,358,358,358,358,358,358,358,358,358,358,358,358,358,358,358,358,358,358,358,358,358,358,358,358,358,358,358,358,358,358,358,358,358,358,358,358,358,358,358,358,358,358,358,358,358,358,358,358,358,358,358,358,358,358,358,358,358,358,358,358,358,358,358,358,358,358,358,358,358,358,358,358,358,358,358,358,358,358,358,358,358,358,358,358,358,358,358,358,358,358,358,358,358,358,358,358,358,358,358,358,358,358,358,358,358,358,358,358,358,358,358,358,358,358,358,358,358,358,358,358,358,358,358,358,358,358,358,358,358,358,358,358,358,358,358,358,358,358,358,358,358,358,358,358,358,358,358,358,358,358
Pitch,-1.0,-1.0,-1.0,-1.0,-1.0,-1.0,-1.0,-1.0,-1.0,-1.0,-1.0,-1.0,-1.0,-1.0,-1.0,-1.0,-1.0,-1.0,-1.0,-1.0,-1.0,-1.0,-1.0,-1.0,-1.0,-1.0,-1.0,-1.0,-1.0,-1.0,-1.0,-1.0,-1.0,-1.0,-1.0,-1.0,-1.0,-1.0,-1.0,-1.0,-1.0,-1.0,-1.0,-1.0,-1.0,-1.0,-1.0,-1.0,-1.0,-1.0,-1.0,-1.0,-1.0,-1.0,-1.0,-1.0,-1.0,-1.0,-1.0,-1.0,-1.0,-1.0,-1.0,-1.0,-1.0,-1.0,-1.0,-1.0,-1.0,-1.0,-1.0,-1.0,-1.0,-1.0,-1.0,-1.0,-1.0,-1.0,-1.0,-1.0,-1.0,-1.0,-1.0,-1.0,-1.0,-1.0,-1.0,-1.0,-1.0,-1.0,-1.0,-1.0,-1.0,-1.0,-1.0,-1.0,-1.0,-1.0,-1.0,-1.0,-1.0,-1.0,-1.0,-1.0,-1.0,-1.0,-1.0,-1.0,-1.0,-1.0,-1.0,-1.0,-1.0,-1.0,-1.0,-1.0,-1.0,-1.0,-1.0,-1.0,-1.0,-1.0,-1.0,-1.0,-1.0,-1.0,-1.0,-1.0,-1.0,-1.0,-1.0,-1.0,-1.0,-1.0,-1.0,-1.0,-1.0,-1.0,-1.0,-1.0,-1.0,-1.0,-1.0,-1.0,-1.0,-1.0,-1.0,-1.0,-1.0,-1.0,-1.0,-1.0,-1.0,-1.0,-1.0,-1.0,-1.0,-1.0,-1.0,-1.0,-1.0,-1.0,-1.0,-1.0,-1.0,-1.0,-1.0,-1.0,-1.0,-1.0,-1.0,-1.0,-1.0,-1.0,-1.0,-1.0,-1.0,-1.0,-1.0,-1.0,-1.0,-1.0,-1.0,-1.0,-1.0,-1.0,-1.0,-1.0,-1.0,-1.0,-1.0,-1.0,-1.0,-1.0,-1.0,-1.0,-1.0,-1.0,-1.0,-1.0,-1.0,-1.0,-1.0,-1.0,-1.0,-1.0,-1.0,-1.0,-1.0,-1.0,-1.0,-1.0,-1.0,-1.0,-1.0,-1.0,-1.0,-1.0,-1.0,-1.0,-1.0,-1.0,-1.0,-1.0,-1.0,-1.0,-1.0,-1.0,-1.0,-1.0,-1.0,-1.0,-1.0,-1.0,-1.0,-1.0,-1.0,-1.0,-1.0,-1.0,-1.0,-1.0,-1.0,-1.0,-1.0,-1.0,-1.0,-1.0,-1.0,-1.0,-1.0,-1.0,-1.0,-1.0,-1.0,-1.0,-1.0,-1.0,-1.0,-1.0,-1.0,-1.0,-1.0,-1.0,-1.0,-1.0,-1.0,-1.0
Roll,-1.0,-1.0,-1.0,-1.0,-1.0,-1.0,-1.0,-1.0,-1.0,-1.0,-1.0,-1.0,-1.0,-1.0,-1.0,-1.0,-1.0,-1.0,-1.0,-1.0,-1.0,-1.0,-1.0,-1.0,-1.0,-1.0,-1.0,-1.0,-1.0,-1.0,-1.0,-1.0,-1.0,-1.0,-1.0,-1.0,-1.0,-1.0,-1.0,-1.0,-1.0,-1.0,-1.0,-1.0,-1.0,-1.0,-1.0,-1.0,-1.0,-1.0,-1.0,-1.0,-1.0,-1.0,-1.0,-1.0,-1.0,-1.0,-1.0,-1.0,-1.0,-1.0,-1.0,-1.0,-1.0,-1.0,-1.0,-1.0,-1.0,-1.0,-1.0,-1.0,-1.0,-1.0,-1.0,-1.0,-1.0,-1.0,-1.0,-1.0,-1.0,-1.0,-1.0,-1.0,-1.0,-1.0,-1.0,-1.0,-1.0,-1.0,-1.0,-1.0,-1.0,-1.0,-1.0,-1.0,-1.0,-1.0,-1.0,-1.0,-1.0,-1.0,-1.0,-1.0,-1.0,-1.0,-1.0,-1.0,-1.0,-1.0,-1.0,-1.0,-1.0,-1.0,-1.0,-1.0,-1.0,-1.0,-1.0,-1.0,-1.0,-1.0,-1.0,-1.0,-1.0,-1.0,-1.0,-1.0,-1.0,-1.0,-1.0,-1.0,-1.0,-1.0,-1.0,-1.0,-1.0,-1.0,-1.0,-1.0,-1.0,-1.0,-1.0,-1.0,-1.0,-1.0,-1.0,-1.0,-1.0,-1.0,-1.0,-1.0,-1.0,-1.0,-1.0,-1.0,-1.0,-1.0,-1.0,-1.0,-1.0,-1.0,-1.0,-1.0,-1.0,-1.0,-1.0,-1.0,-1.0,-1.0,-1.0,-1.0,-1.0,-1.0,-1.0,-1.0,-1.0,-1.0,-1.0,-1.0,-1.0,-1.0,-1.0,-1.0,-1.0,-1.0,-1.0,-1.0,-1.0,-1.0,-1.0,-1.0,-1.0,-1.0,-1.0,-1.0,-1.0,-1.0,-1.0,-1.0,-1.0,-1.0,-1.0,-1.0,-1.0,-1.0,-1.0,-1.0,-1.0,-1.0,-1.0,-1.0,-1.0,-1.0,-1.0,-1.0,-1.0,-1.0,-1.0,-1.0,-1.0,-1.0,-1.0,-1.0,-1.0,-1.0,-1.0,-1.0,-1.0,-1.0,-1.0,-1.0,-1.0,-1.0,-1.0,-1.0,-1.0,-1.0,-1.0,-1.0,-1.0,-1.0,-1.0,-1.0,-1.0,-1.0,-1.0,-1.0,-1.0,-1.0,-1.0,-1.0,-1.0,-1.0,-1.0,-1.0,-1.0,-1.0,-1.0,-1.0,-1.0,-1.0,-1.0,-1.0,-1.0,-1.0,-1.0,-1.0
Altitude,-0.1476377955,-0.4068241476,-0.426509187,-0.426509187,-0.426509187,-0.43963254660000006,-0.43963254660000006,-0.4757217855,-0.4757217855,-0.4757217855,-0.5085301845,-0.5085301845,-0.524934384,-0.524934384,-0.5347769037000001,-0.5347769037000001,-0.5347769037000001,-0.5446194234,-0.5446194234,-0.557742783,-0.557742783,-0.557742783,-0.5675853027,-0.5675853027,-0.5872703421,-0.5872703421,-0.5872703421,-0.6135170613,-0.6135170613,-0.32808399000000005,-0.32808399000000005,-0.32808399000000005,-0.1213910763,-0.1213910763,-0.045931758600000004,-0.045931758600000004,-0.045931758600000004,-0.0360892389,-0.0360892389,-0.0623359581,-0.0623359581,-0.11154855660000002,-0.11154855660000002,-0.11154855660000002,-0.1377952758,-0.1377952758,-0.1443569556,-0.1443569556,-0.1443569556,-0.1541994753,-0.1541994753,-0.16404199500000002,-0.16404199500000002,-0.16404199500000002,-0.1673228349,-0.1673228349,-0.1509186354,-0.1509186354,-0.1509186354,-0.131233596,-0.131233596,-0.11482939650000001,-0.11482939650000001,-0.11482939650000001,-0.10826771670000002,-0.10826771670000002,-0.098425197,-0.098425197,-0.098425197,-0.09514435710000001,-0.09514435710000001,-0.10826771670000002,-0.10826771670000002,-0.10826771670000002,-0.0524934384,-0.0524934384,-0.0262467192,-0.0262467192,-0.0262467192,-0.0196850394,-0.0196850394,-0.0164041995,-0.0164041995,-0.0164041995,-0.0164041995,-0.0164041995,-0.032808399,-0.032808399,-0.032808399,-0.0426509187,-0.0426509187,-0.0426509187,-0.0360892389,-0.0360892389,-0.0393700788,-0.0393700788,-0.0393700788,-0.0492125985,-0.0492125985,-0.0590551182,-0.0590551182,-0.0590551182,-0.0688976379,-0.0688976379,-0.0787401576,-0.0787401576,-0.0853018374,-0.0853018374,-0.0853018374,-0.09514435710000001,-0.09514435710000001,-0.11482939650000001,-0.11482939650000001,-0.11482939650000001,-0.1345144359,-0.1345144359,-0.1345144359,-0.1443569556,-0.1443569556,-0.1509186354,-0.1509186354,-0.1509186354,-0.1574803152,-0.1574803152,-0.1706036748,-0.1706036748,-0.1706036748,-0.18700787430000002,-0.18700787430000002,-0.196850394,-0.196850394,-0.196850394,-0.196850394,-0.196850394,-0.1049868768,-0.1049868768,-0.1049868768,-0.0492125985,-0.0492125985,-0.0492125985,-0.0262467192,-0.0295275591,-0.032808399,-0.0393700788,-0.0426509187,-0.045931758600000004,-0.045931758600000004,-0.0426509187,-0.0393700788,-0.032808399,-0.0295275591,-0.022965879300000002,-0.0164041995,-0.0098425197,-0.0065616798,0.0,0.0098425197,0.0196850394,0.0262467192,0.0295275591,0.032808399,0.0360892389,0.0295275591,0.022965879300000002,0.0196850394,0.0196850394,0.0196850394,0.0196850394,0.0164041995,0.0098425197,0.0032808399,0.0032808399,0.0032808399,0.0,0.0,-0.0065616798,-0.0131233596,-0.0196850394,-0.0262467192,-0.022965879300000002,-0.0262467192,-0.022965879300000002,-0.022965879300000002,-0.022965879300000002,-0.022965879300000002,-0.022965879300000002,-0.022965879300000002,-0.0164041995,-0.0131233596,-0.0098425197,-0.0032808399,0.0,0.0,0.0,0.0,-0.0032808399,-0.0032808399,-0.0098425197,-0.0131233596,-0.0131233596,-0.0065616798,-0.0032808399,-0.0032808399,0.0,0.0,0.0,0.0,0.0,0.0,0.0032808399,0.0032808399,0.0032808399,0.0032808399,0.0032808399,0.0,0.0,0.0032808399,0.0131233596,0.0196850394,0.0196850394,0.0164041995,0.0164041995,0.0131233596,0.0131233596,0.0098425197,0.0131233596,0.0164041995,0.0196850394,0.0196850394,0.0196850394,0.0196850394,0.0196850394,0.022965879300000002,0.022965879300000002,0.0360892389,0.0360892389,0.0360892389,0.0426509187,0.0426509187,0.0590551182,0.0590551182,0.0590551182,0.0688976379,0.0688976379,0.0853018374,0.0853018374,0.0853018374,0.09186351720000001,0.09186351720000001,0.09186351720000001,0.09186351720000001,0.09186351720000001,0.10826771670000002,0.10826771670000002,0.0590551182,0.0590551182,0.0590551182,0.0262467192,0.0262467192,0.0196850394,0.0196850394,0.0196850394,0.0196850394,0.0196850394,0.0196850394,0.0065616798,0.0065616798,0.0131233596
TAS,0.022061703726649284,0.022061703726649284,0.022061703726649284,0.022061703726649284,0.022061703726649284,0.022061703726649284,0.022061703726649284,0.022061703726649284,0.022061703726649284,0.022061703726649284,0.022061703726649284,0.022061703726649284,0.022061703726649284,0.022061703726649284,0.022061703726649284,0.022061703726649284,0.022061703726649284,0.022061703726649284,0.022061703726649284,0.022061703726649284,0.022061703726649284,0.022061703726649284,0.022061703726649284,0.022061703726649284,0.022061703726649284,0.022061703726649284,0.022061703726649284,0.022061703726649284,0.022061703726649284,0.022061703726649284,0.022061703726649284,0.022061703726649284,0.022061703726649284,0.022061703726649284,0.022061703726649284,0.022061703726649284,0.022061703726649284,0.022061703726649284,0.022061703726649284,0.022061703726649284,0.022061703726649284,0.022061703726649284,0.022061703726649284,0.022061703726649284,0.022061703726649284,0.022061703726649284,0.022061703726649284,0.022061703726649284,0.022061703726649284,0.022061703726649284,0.022061703726649284,0.022061703726649284,0.022061703726649284,0.022061703726649284,0.022061703726649284,0.022061703726649284,0.022061703726649284,0.022061703726649284,0.022061703726649284,0.022061703726649284,0.022061703726649284,0.022061703726649284,0.022061703726649284,0.022061703726649284,0.022061703726649284,0.022061703726649284,0.022061703726649284,0.022061703726649284,0.022061703726649284,0.022061703726649284,0.022061703726649284,0.022061703726649284,0.022061703726649284,0.022061703726649284,0.022061703726649284,0.022061703726649284,0.022061703726649284,0.022061703726649284,0.022061703726649284,0.022061703726649284,0.022061703726649284,0.022061703726649284,0.022061703726649284,0.022061703726649284,0.022061703726649284,0.022061703726649284,0.022061703726649284,0.022061703726649284,0.022061703726649284,0.022061703726649284,0.022061703726649284,0.022061703726649284,0.022061703726649284,0.022061703726649284,0.022061703726649284,0.022061703726649284,0.022061703726649284,0.022061703726649284,0.022061703726649284,0.022061703726649284,0.022061703726649284,0.022061703726649284,0.022061703726649284,0.022061703726649284,0.022061703726649284,0.022061703726649284,0.022061703726649284,0.022061703726649284,0.022061703726649284,0.022061703726649284,0.022061703726649284,0.022061703726649284,0.022061703726649284,0.022061703726649284,0.022061703726649284,0.022061703726649284,0.022061703726649284,0.022061703726649284,0.022061703726649284,0.022061703726649284,0.022061703726649284,0.022061703726649284,0.022061703726649284,0.022061703726649284,0.022061703726649284,0.022061703726649284,0.022061703726649284,0.022061703726649284,0.022061703726649284,0.022061703726649284,0.022061703726649284,0.022061703726649284,0.022061703726649284,0.022061703726649284,0.022061703726649284,0.022061703726649284,0.022061703726649284,0.022061703726649284,0.022061703726649284,0.022061703726649284,0.022061703726649284,0.022061703726649284,0.022061703726649284,0.022061703726649284,0.022061703726649284,0.022061703726649284,0.022061703726649284,0.022061703726649284,0.022061703726649284,0.022061703726649284,0.022061703726649284,0.022061703726649284,0.022061703726649284,0.022061703726649284,0.022061703726649284,0.022061703726649284,0.022061703726649284,0.022061703726649284,0.022061703726649284,0.022061703726649284,0.022061703726649284,0.022061703726649284,0.022061703726649284,0.022061703726649284,0.022061703726649284,0.022061703726649284,0.022061703726649284,0.022061703726649284,0.022061703726649284,0.022061703726649284,0.022061703726649284,0.022061703726649284,0.022061703726649284,0.022061703726649284,0.022061703726649284,0.022061703726649284,0.022061703726649284,0.022061703726649284,0.022061703726649284,0.022061703726649284,0.022061703726649284,0.022061703726649284,0.022061703726649284,0.022061703726649284,0.022061703726649284,0.022061703726649284,0.022061703726649284,0.022061703726649284,0.022061703726649284,0.022061703726649284,0.022061703726649284,0.022061703726649284,0.022061703726649284,0.022061703726649284,0.022061703726649284,0.022061703726649284,0.022061703726649284,0.022061703726649284,0.022061703726649284,0.022061703726649284,0.022061703726649284,0.022061703726649284,0.022061703726649284,0.022061703726649284,0.022061703726649284,0.022061703726649284,0.022061703726649284,0.022061703726649284,0.022061703726649284,0.022061703726649284,0.022061703726649284,0.022061703726649284,0.022061703726649284,0.022061703726649284,0.022061703726649284,0.022061703726649284,0.022061703726649284,0.022061703726649284,0.022061703726649284,0.022061703726649284,0.022061703726649284,0.022061703726649284,0.022061703726649284,0.022061703726649284,0.022061703726649284,0.022061703726649284,0.022061703726649284,0.022061703726649284,0.022061703726649284,0.022061703726649284,0.022061703726649284,0.022061703726649284,0.022061703726649284,0.022061703726649284,0.022061703726649284,0.022061703726649284,0.022061703726649284,0.022061703726649284,0.022061703726649284,0.022061703726649284,0.022061703726649284,0.022061703726649284,0.022061703726649284,0.022061703726649284,0.022061703726649284,0.022061703726649284,0.022061703726649284,0.022061703726649284,0.022061703726649284,0.022061703726649284,0.022061703726649284,0.022061703726649284,0.022061703726649284,0.022061703726649284,0.022061703726649284,0.022061703726649284,0.022061703726649284,0.022061703726649284,0.022061703726649284,0.022061703726649284,0.022061703726649284,0.022061703726649284,0.022061703726649284,0.022061703726649284,0.022061703726649284,0.022061703726649284,0.022061703726649284,0.022061703726649284
GS,0.02748752012848854,0.026784490793943405,0.026926608756184578,0.026926608756184578,0.026926608756184578,0.02661047875881195,0.02661047875881195,0.026486271992325783,0.026486271992325783,0.026486271992325783,0.026581110432744026,0.026581110432744026,0.026426754891872406,0.026426754891872406,0.026555385440587997,0.026555385440587997,0.026555385440587997,0.026660434901714325,0.026660434901714325,0.026842398568987846,0.026842398568987846,0.026842398568987846,0.02695607952773571,0.02695607952773571,0.0266586784273386,0.0266586784273386,0.0266586784273386,0.026545077562332153,0.026545077562332153,0.02670973539352417,0.02670973539352417,0.02670973539352417,0.026700668036937714,0.026700668036937714,0.026583287864923477,0.026583287864923477,0.026583287864923477,0.026520604267716408,0.026520604267716408,0.026739314198493958,0.026739314198493958,0.026990583166480064,0.026990583166480064,0.026990583166480064,0.02719743922352791,0.02719743922352791,0.02726399526000023,0.02726399526000023,0.02726399526000023,0.026992367580533028,0.026992367580533028,0.026960985735058784,0.026960985735058784,0.026960985735058784,0.0270939152687788,0.0270939152687788,0.027058621868491173,0.027058621868491173,0.027058621868491173,0.026773447170853615,0.026773447170853615,0.027008632197976112,0.027008632197976112,0.027008632197976112,0.027291296049952507,0.027291296049952507,0.02754184976220131,0.02754184976220131,0.02754184976220131,0.02724410593509674,0.02724410593509674,0.027254216372966766,0.027254216372966766,0.027254216372966766,0.02736343815922737,0.02736343815922737,0.027610095217823982,0.027610095217823982,0.027610095217823982,0.027154354378581047,0.027154354378581047,0.02708536759018898,0.02708536759018898,0.02708536759018898,0.027427339926362038,0.027427339926362038,0.02765636518597603,0.02765636518597603,0.02765636518597603,0.02735469490289688,0.02735469490289688,0.02735469490289688,0.02724352478981018,0.02724352478981018,0.02733607031404972,0.02733607031404972,0.02733607031404972,0.02752400003373623,0.02752400003373623,0.02700735814869404,0.02700735814869404,0.02700735814869404,0.02692556194961071,0.02692556194961071,0.027110956609249115,0.027110956609249115,0.027110956609249115,0.027368901297450066,0.027368901297450066,0.027073942124843597,0.027073942124843597,0.0268897395581007,0.0268897395581007,0.0268897395581007,0.027088038623332977,0.027088038623332977,0.027088038623332977,0.027227476239204407,0.027227476239204407,0.026882287114858627,0.026882287114858627,0.026882287114858627,0.02668066881597042,0.02668066881597042,0.026937473565340042,0.026937473565340042,0.026937473565340042,0.027087682858109474,0.027087682858109474,0.026798853650689125,0.026798853650689125,0.026798853650689125,0.026754161342978477,0.026754161342978477,0.026794368401169777,0.026794368401169777,0.026794368401169777,0.027046121656894684,0.027046121656894684,0.027046121656894684,0.026896901428699493,0.026695329695940018,0.026871664449572563,0.02668890915811062,0.026930872350931168,0.026931123808026314,0.027073830366134644,0.026972314342856407,0.02707509882748127,0.02707512676715851,0.02711101807653904,0.027033787220716476,0.027151333168148994,0.027103718370199203,0.02718171663582325,0.027111001312732697,0.02724355459213257,0.027148224413394928,0.027254225686192513,0.02714693173766136,0.027228834107518196,0.027050934731960297,0.02728033810853958,0.027095841243863106,0.027400970458984375,0.027393940836191177,0.027575738728046417,0.027574460953474045,0.027746448293328285,0.027682919055223465,0.027828272432088852,0.02771216630935669,0.02776041068136692,0.027676748111844063,0.027788355946540833,0.027695000171661377,0.027745524421334267,0.027668287977576256,0.02777806483209133,0.027621818706393242,0.027643464505672455,0.027554063126444817,0.02762562967836857,0.027339119464159012,0.027519619092345238,0.0272752046585083,0.027458135038614273,0.02746785245835781,0.027605680748820305,0.02752705104649067,0.027681490406394005,0.027613868936896324,0.027761435136198997,0.027648918330669403,0.027747681364417076,0.027662508189678192,0.027699680998921394,0.02762456424534321,0.02768518216907978,0.027583744376897812,0.027647698298096657,0.027548126876354218,0.02763225883245468,0.027335671707987785,0.027525633573532104,0.027266114950180054,0.027407046407461166,0.02737140655517578,0.02756136655807495,0.027482708916068077,0.027635738253593445,0.027502909302711487,0.027544569224119186,0.027401447296142578,0.027441343292593956,0.027356835082173347,0.027411188930273056,0.027326006442308426,0.027389859780669212,0.027234986424446106,0.027338000014424324,0.027275893837213516,0.027346713468432426,0.027271660044789314,0.02734510600566864,0.027023568749427795,0.027189405634999275,0.02713342010974884,0.02723786234855652,0.02723786234855652,0.02723786234855652,0.02723786234855652,0.027144785970449448,0.027144785970449448,0.02735653705894947,0.02735653705894947,0.02735653705894947,0.02757171168923378,0.02757171168923378,0.027253009378910065,0.027253009378910065,0.027253009378910065,0.02720128558576107,0.02720128558576107,0.027277149260044098,0.027277149260044098,0.027277149260044098,0.027106547728180885,0.027106547728180885,0.02706998400390148,0.02706998400390148,0.02706998400390148,0.027181081473827362,0.027181081473827362,0.027352087199687958,0.027352087199687958,0.027352087199687958,0.027558468282222748,0.027558468282222748,0.027197053655982018,0.027197053655982018,0.027197053655982018,0.027122605592012405,0.027122605592012405,0.027122605592012405,0.027218375355005264,0.027218375355005264,0.027113955467939377
Latitude,41.2637821,41.2637821,41.2637821,41.2637821,41.2637821,41.2637821,41.2637821,41.2637821,41.2637821,41.2637821,41.2637821,41.2637821,41.2637821,41.2637821,41.2637821,41.2637821,41.2637821,41.2637821,41.2637821,41.2637821,41.2637821,41.2637821,41.2637821,41.2637821,41.2637821,41.2637821,41.2637821,41.2637821,41.2637821,41.2637821,41.2637821,41.2637821,41.2637821,41.2637821,41.2637821,41.2637821,41.2637821,41.2637821,41.2637821,41.2637821,41.2637821,41.2637821,41.2637821,41.2637821,41.2637821,41.2637821,41.2637821,41.2637821,41.2637821,41.2637821,41.2637821,41.2637821,41.2637821,41.2637821,41.2637821,41.2637821,41.2637821,41.2637821,41.2637821,41.2637821,41.2637821,41.2637821,41.2637821,41.2637821,41.2637821,41.2637821,41.2637821,41.2637821,41.2637821,41.2637821,41.2637821,41.2637821,41.2637821,41.2637821,41.2637821,41.2637821,41.2637821,41.2637821,41.2637821,41.2637821,41.2637821,41.2637821,41.2637821,41.2637821,41.2637821,41.2637821,41.2637821,41.2637821,41.2637821,41.2637821,41.2637821,41.2637821,41.2637821,41.2637821,41.2637821,41.2637821,41.2637821,41.2637821,41.2637821,41.2637821,41.2637821,41.2637821,41.2637821,41.2637821,41.2637821,41.2637821,41.2637821,41.2637821,41.2637821,41.2637821,41.2637821,41.2637821,41.2637821,41.2637821,41.2637821,41.2637821,41.2637821,41.2637821,41.2637821,41.2637821,41.2637821,41.2637821,41.2637821,41.2637821,41.2637821,41.2637821,41.2637821,41.2637821,41.2637821,41.2637821,41.2637821,41.2637821,41.2637821,41.2637821,41.2637821,41.2637821,41.2637821,41.2637821,41.2637821,41.2637821,41.2637821,41.2637821,41.2637821,41.2637821,41.2637821,41.2637821,41.2637821,41.2637821,41.2637821,41.2637821,41.2637821,41.2637821,41.2637821,41.2637821,41.2637821,41.2637821,41.2637821,41.2637821,41.2637821,41.2637821,41.2637821,41.2637821,41.2637821,41.2637821,41.2637821,41.2637821,41.2637821,41.2637821,41.2637821,41.2637821,41.2637821,41.2637821,41.2637821,41.2637821,41.2637821,41.2637821,41.2637821,41.2637821,41.2637821,41.2637821,41.2637821,41.2637821,41.2637821,41.2637821,41.2637821,41.2637821,41.2637821,41.2637821,41.2637821,41.2637821,41.2637821,41.2637821,41.2637821,41.2637821,41.2637821,41.2637821,41.2637821,41.2637821,41.2637821,41.2637821,41.2637821,41.2637821,41.2637821,41.2637821,41.2637821,41.2637821,41.2637821,41.2637821,41.2637821,41.2637821,41.2637821,41.2637821,41.2637821,41.2637821,41.2637821,41.2637821,41.2637821,41.2637821,41.2637821,41.2637821,41.2637821,41.2637821,41.2637821,41.2637821,41.2637821,41.2637821,41.2637821,41.2637821,41.2637821,41.2637821,41.2637821,41.2637821,41.2637821,41.2637821,41.2637821,41.2637821,41.2637821,41.2637821,41.2637821,41.2637821,41.2637821,41.2637821,41.2637821,41.2637821,41.2637821,41.2637821,41.2637821,41.2637821,41.2637821,41.2637821,41.2637821,41.2637821,41.2637821,41.2637821,41.2637821,41.2637821,41.2637821,41.2637821,41.2637821,41.2637821,41.2637821,41.2637821,41.2637821,41.2637821,41.2637821,41.2637821,41.2637821,41.2637821
Longitude,28.7308479,28.7308479,28.7308479,28.7308479,28.7308479,28.7308479,28.7308479,28.7308479,28.7308479,28.7308479,28.7308479,28.7308479,28.7308479,28.7308479,28.7308479,28.7308479,28.7308479,28.7308479,28.7308479,28.7308479,28.7308479,28.7308479,28.7308479,28.7308479,28.7308479,28.7308479,28.7308479,28.7308479,28.7308479,28.7308479,28.7308479,28.7308479,28.7308479,28.7308479,28.7308479,28.7308479,28.7308479,28.7308479,28.7308479,28.7308479,28.7308479,28.7308479,28.7308479,28.7308479,28.7308479,28.7308479,28.7308479,28.7308479,28.7308479,28.7308479,28.7308479,28.7308479,28.7308479,28.7308479,28.7308479,28.7308479,28.7308479,28.7308479,28.7308479,28.7308479,28.7308479,28.7308479,28.7308479,28.7308479,28.7308479,28.7308479,28.7308479,28.7308479,28.7308479,28.7308479,28.7308479,28.7308479,28.7308479,28.7308479,28.7308479,28.7308479,28.7308479,28.7308479,28.7308479,28.7308479,28.7308479,28.7308479,28.7308479,28.7308479,28.7308479,28.7308479,28.7308479,28.7308479,28.7308479,28.7308479,28.7308479,28.7308479,28.7308479,28.7308479,28.7308479,28.7308479,28.7308479,28.7308479,28.7308479,28.7308479,28.7308479,28.7308479,28.7308479,28.7308479,28.7308479,28.7308479,28.7308479,28.7308479,28.7308479,28.7308479,28.7308479,28.7308479,28.7308479,28.7308479,28.7308479,28.7308479,28.7308479,28.7308479,28.7308479,28.7308479,28.7308479,28.7308479,28.7308479,28.7308479,28.7308479,28.7308479,28.7308479,28.7308479,28.7308479,28.7308479,28.7308479,28.7308479,28.7308479,28.7308479,28.7308479,28.7308479,28.7308479,28.7308479,28.7308479,28.7308479,28.7308479,28.7308479,28.7308479,28.7308479,28.7308479,28.7308479,28.7308479,28.7308479,28.7308479,28.7308479,28.7308479,28.7308479,28.7308479,28.7308479,28.7308479,28.7308479,28.7308479,28.7308479,28.7308479,28.7308479,28.7308479,28.7308479,28.7308479,28.7308479,28.7308479,28.7308479,28.7308479,28.7308479,28.7308479,28.7308479,28.7308479,28.7308479,28.7308479,28.7308479,28.7308479,28.7308479,28.7308479,28.7308479,28.7308479,28.7308479,28.7308479,28.7308479,28.7308479,28.7308479,28.7308479,28.7308479,28.7308479,28.7308479,28.7308479,28.7308479,28.7308479,28.7308479,28.7308479,28.7308479,28.7308479,28.7308479,28.7308479,28.7308479,28.7308479,28.7308479,28.7308479,28.7308479,28.7308479,28.7308479,28.7308479,28.7308479,28.7308479,28.7308479,28.7308479,28.7308479,28.7308479,28.7308479,28.7308479,28.7308479,28.7308479,28.7308479,28.7308479,28.7308479,28.7308479,28.7308479,28.7308479,28.7308479,28.7308479,28.7308479,28.7308479,28.7308479,28.7308479,28.7308479,28.7308479,28.7308479,28.7308479,28.7308479,28.7308479,28.7308479,28.7308479,28.7308479,28.7308479,28.7308479,28.7308479,28.7308479,28.7308479,28.7308479,28.7308479,28.7308479,28.7308479,28.7308479,28.7308479,28.7308479,28.7308479,28.7308479,28.7308479,28.7308479,28.7308479,28.7308479,28.7308479,28.7308479,28.7308479,28.7308479,28.7308479,28.7308479,28.7308479,28.7308479,28.7308479,28.7308479,28.7308479,28.7308479,28.7308479,28.7308479
Altitude_MSL,120430,120430,120430,120430,120430,120430,120430,120430,120430,120430,120430,120430,120430,120430,120430,120430,120430,120430,120430,120430,120430,120430,120430,120430,120430,120430,120430,120430,120430,120430,120430,120430,120430,120430,120430,120430,120430,120430,120430,120430,120430,120430,120430,120430,120430,120430,120430,120430,120430,120430,120430,120430,120430,120430,120430,120430,120430,120430,120430,120430,120430,120430,120430,120430,120430,120430,120430,120430,120430,120430,120430,120430,120430,120430,120430,120430,120430,120430,120430,120430,120430,120430,120430,120430,120430,120430,120430,120430,120430,120430,120430,120430,120430,120430,120430,120430,120430,120430,120430,120430,120430,120430,120430,120430,120430,120430,120430,120430,120430,120430,120430,120430,120430,120430,120430,120430,120430,120430,120430,120430,120430,120430,120430,120430,120430,120430,120430,120430,120430,120430,120430,120430,120430,120430,120430,120430,120430,120430,120430,120430,120430,120430,120430,120430,120430,120430,120430,120430,120430,120430,120430,120430,120430,120430,120430,120430,120430,120430,120430,120430,120430,120430,120430,120430,120430,120430,120430,120430,120430,120430,120430,120430,120430,120430,120430,120430,120430,120430,120430,120430,120430,120430,120430,120430,120430,120430,120430,120430,120430,120430,120430,120430,120430,120430,120430,120430,120430,120430,120430,120430,120430,120430,120430,120430,120430,120430,120430,120430,120430,120430,120430,120430,120430,120430,120430,120430,120430,120430,120430,120430,120430,120430,120430,120430,120430,120430,120430,120430,120430,120430,120430,120430,120430,120430,120430,120430,120430,120430,120430,120430,120430,120430,120430,120430,120430,120430,120430,120430,120430,120430,120430,120430,120430,120430,120430,120430,120430,120430,120430,120430,120430,120430,120430,120430,120430,120430,120430,120430
Time,22:13:48,22:13:49,22:13:49,22:13:49,22:13:49,22:13:50,22:13:50,22:13:50,22:13:50,22:13:51,22:13:51,22:13:51,22:13:51,22:13:52,22:13:52,22:13:52,22:13:52,22:13:53,22:13:53,22:13:53,22:13:53,22:13:54,22:13:54,22:13:54,22:13:54,22:13:55,22:13:55,22:13:55,22:13:55,22:13:56,22:13:56,22:13:56,22:13:56,22:13:57,22:13:57,22:13:57,22:13:57,22:13:58,22:13:58,22:13:58,22:13:58,22:13:59,22:13:59,22:13:59,22:13:59,22:14:00,22:14:00,22:14:00,22:14:00,22:14:01,22:14:01,22:14:01,22:14:01,22:14:02,22:14:02,22:14:02,22:14:02,22:14:03,22:14:03,22:14:03,22:14:03,22:14:04,22:14:04,22:14:04,22:14:04,22:14:05,22:14:05,22:14:05,22:14:05,22:14:06,22:14:06,22:14:06,22:14:06,22:14:07,22:14:07,22:14:07,22:14:07,22:14:08,22:14:08,22:14:08,22:14:08,22:14:09,22:14:09,22:14:09,22:14:09,22:14:10,22:14:10,22:14:10,22:14:10,22:14:11,22:14:11,22:14:11,22:14:11,22:14:11,22:14:11,22:14:12,22:14:12,22:14:12,22:14:12,22:14:12,22:14:12,22:14:12,22:14:12,22:14:12,22:14:12,22:14:13,22:14:13,22:14:13,22:14:13,22:14:13,22:14:13,22:14:13,22:14:13,22:14:13,22:14:13,22:14:14,22:14:14,22:14:14,22:14:14,22:14:14,22:14:14,22:14:14,22:14:14,22:14:14,22:14:14,22:14:15,22:14:15,22:14:15,22:14:15,22:14:15,22:14:15,22:14:15,22:14:15,22:14:15,22:14:15,22:14:16,22:14:16,22:14:16,22:14:16,22:14:16,22:14:16,22:14:16,22:14:16,22:14:16,22:14:16,22:14:17,22:14:17,22:14:17,22:14:17,22:14:17,22:14:17,22:14:17,22:14:17,22:14:17,22:14:17,22:14:18,22:14:18,22:14:18,22:14:18,22:14:18,22:14:18,22:14:18,22:14:18,22:14:18,22:14:18,22:14:19,22:14:19,22:14:19,22:14:19,22:14:19,22:14:19,22:14:19,22:14:19,22:14:19,22:14:19,22:14:20,22:14:20,22:14:20,22:14:20,22:14:20,22:14:20,22:14:21,22:14:21,22:14:21,22:14:21,22:14:22,22:14:22,22:14:22,22:14:22,22:14:23,22:14:23,22:14:23,22:14:23,22:14:24,22:14:24,22:14:24,22:14:24,22:14:25,22:14:25,22:14:25,22:14:25,22:14:26,22:14:26,22:14:26,22:14:26,22:14:27,22:14:27,22:14:27,22:14:27,22:14:28,22:14:28,22:14:28,22:14:28,22:14:29,22:14:29,22:14:29,22:14:29,22:14:30,22:14:30,22:14:30,22:14:30,22:14:31,22:14:31,22:14:31,22:14:31,22:14:32,22:14:32,22:14:32,22:14:32,22:14:33,22:14:33,22:14:33,22:14:33,22:14:34,22:14:34,22:14:34,22:14:34,22:14:35,22:14:35,22:14:35,22:14:35,22:14:36,22:14:36,22:14:36,22:14:36,22:14:37,22:14:37,22:14:37,22:14:37,22:14:38,22:14:38,22:14:38,22:14:38,22:14:39,22:14:39,22:14:39,22:14:39,22:14:40,22:14:40,22:14:40,22:14:40,22:14:41,22:14:41,22:14:41,22:14:41,22:14:42,22:14:42,22:14:42
Start_Latitude,41.2637821,,,,,,,,,,,,,,,,,,,,,,,,,,,,,,,,,,,,,,,,,,,,,,,,,,,,,,,,,,,,,,,,,,,,,,,,,,,,,,,,,,,,,,,,,,,,,,,,,,,,,,,,,,,,,,,,,,,,,,,,,,,,,,,,,,,,,,,,,,,,,,,,,,,,,,,,,,,,,,,,,,,,,,,,,,,,,,,,,,,,,,,,,,,,,,,,,,,,,,,,,,,,,,,,,,,,,,,,,,,,,,,,,,,,,,,,,,,,,,,,,,,,,,,,,,,,,,,,,,,,,,,,,,,
Stop_Latitude,41.2637821,,,,,,,,,,,,,,,,,,,,,,,,,,,,,,,,,,,,,,,,,,,,,,,,,,,,,,,,,,,,,,,,,,,,,,,,,,,,,,,,,,,,,,,,,,,,,,,,,,,,,,,,,,,,,,,,,,,,,,,,,,,,,,,,,,,,,,,,,,,,,,,,,,,,,,,,,,,,,,,,,,,,,,,,,,,,,,,,,,,,,,,,,,,,,,,,,,,,,,,,,,,,,,,,,,,,,,,,,,,,,,,,,,,,,,,,,,,,,,,,,,,,,,,,,,,,,,,,,,,,,,,,,,,
Start_Longitude,28.7308479,,,,,,,,,,,,,,,,,,,,,,,,,,,,,,,,,,,,,,,,,,,,,,,,,,,,,,,,,,,,,,,,,,,,,,,,,,,,,,,,,,,,,,,,,,,,,,,,,,,,,,,,,,,,,,,,,,,,,,,,,,,,,,,,,,,,,,,,,,,,,,,,,,,,,,,,,,,,,,,,,,,,,,,,,,,,,,,,,,,,,,,,,,,,,,,,,,,,,,,,,,,,,,,,,,,,,,,,,,,,,,,,,,,,,,,,,,,,,,,,,,,,,,,,,,,,,,,,,,,,,,,,,,,
Stop_Longitude,28.7308479,,,,,,,,,,,,,,,,,,,,,,,,,,,,,,,,,,,,,,,,,,,,,,,,,,,,,,,,,,,,,,,,,,,,,,,,,,,,,,,,,,,,,,,,,,,,,,,,,,,,,,,,,,,,,,,,,,,,,,,,,,,,,,,,,,,,,,,,,,,,,,,,,,,,,,,,,,,,,,,,,,,,,,,,,,,,,,,,,,,,,,,,,,,,,,,,,,,,,,,,,,,,,,,,,,,,,,,,,,,,,,,,,,,,,,,,,,,,,,,,,,,,,,,,,,,,,,,,,,,,,,,,,,,
RecordID_FL,90,,,,,,,,,,,,,,,,,,,,,,,,,,,,,,,,,,,,,,,,,,,,,,,,,,,,,,,,,,,,,,,,,,,,,,,,,,,,,,,,,,,,,,,,,,,,,,,,,,,,,,,,,,,,,,,,,,,,,,,,,,,,,,,,,,,,,,,,,,,,,,,,,,,,,,,,,,,,,,,,,,,,,,,,,,,,,,,,,,,,,,,,,,,,,,,,,,,,,,,,,,,,,,,,,,,,,,,,,,,,,,,,,,,,,,,,,,,,,,,,,,,,,,,,,,,,,,,,,,,,,,,,,,,
RecordID_LT,42,,,,,,,,,,,,,,,,,,,,,,,,,,,,,,,,,,,,,,,,,,,,,,,,,,,,,,,,,,,,,,,,,,,,,,,,,,,,,,,,,,,,,,,,,,,,,,,,,,,,,,,,,,,,,,,,,,,,,,,,,,,,,,,,,,,,,,,,,,,,,,,,,,,,,,,,,,,,,,,,,,,,,,,,,,,,,,,,,,,,,,,,,,,,,,,,,,,,,,,,,,,,,,,,,,,,,,,,,,,,,,,,,,,,,,,,,,,,,,,,,,,,,,,,,,,,,,,,,,,,,,,,,,,
RecordTag,C,,,,,,,,,,,,,,,,,,,,,,,,,,,,,,,,,,,,,,,,,,,,,,,,,,,,,,,,,,,,,,,,,,,,,,,,,,,,,,,,,,,,,,,,,,,,,,,,,,,,,,,,,,,,,,,,,,,,,,,,,,,,,,,,,,,,,,,,,,,,,,,,,,,,,,,,,,,,,,,,,,,,,,,,,,,,,,,,,,,,,,,,,,,,,,,,,,,,,,,,,,,,,,,,,,,,,,,,,,,,,,,,,,,,,,,,,,,,,,,,,,,,,,,,,,,,,,,,,,,,,,,,,,,
RecordDate,20/07/2022,"July 20, 2022",,,,,,,,,,,,,,,,,,,,,,,,,,,,,,,,,,,,,,,,,,,,,,,,,,,,,,,,,,,,,,,,,,,,,,,,,,,,,,,,,,,,,,,,,,,,,,,,,,,,,,,,,,,,,,,,,,,,,,,,,,,,,,,,,,,,,,,,,,,,,,,,,,,,,,,,,,,,,,,,,,,,,,,,,,,,,,,,,,,,,,,,,,,,,,,,,,,,,,,,,,,,,,,,,,,,,,,,,,,,,,,,,,,,,,,,,,,,,,,,,,,,,,,,,,,,,,,,,,,,,,,,,,
